1.812205770250053,-1.020038076807091,2.7005161937886357,5.783717721180602,-0.7383826515716176
1.0836680378892227,1.0143731758120038,2.3407037989339567,4.918537843078132,-2.4099568375127416
-1.971771733103728,1.1876342517919651,5.328485108833612,1.1663519237598088,-3.3447193263106145
-3.0281099094564365,2.4092732560368395,4.466949071647763,4.21572073912946,-4.11599339596184
-3.213691991903304,2.9357787701659492,4.78797827114018,5.320852693127192,-3.887038160635165
1.1702706669195682,-4.234134644140249,2.364718973437601,5.734210686761518,-0.21878876651404067
0.351096200373475,-4.186171707152665,1.3622912599044184,4.604785384296765,0.9789866520680519
-2.1202306197764265,1.7592025495268588,4.280990624758333,2.029442949902423,-2.7576043970166255
-2.293579614203236,-2.870658687681862,-3.4361693046799635,4.455595338483502,1.8843736953304528
-1.2906825437882103,-4.316289207555332,-1.4593911171667733,-4.21190540050694,8.802282708840558
3.7782785722336856,-1.6667352687624342,2.073506843174274,7.173876884353134,1.4992333326162757
-2.0378775938337292,-3.052165899367761,-4.416396619009554,3.014670210192689,1.4051024914700923
-0.9934034352036057,-2.229845786942597,-0.7758577840197659,-2.381167620439106,8.049103914812674
-1.5356012458749029,0.40410076795392413,4.6388843919562985,1.4773585171650758,-4.013159921881307
-2.3253157602107395,2.475020021438192,3.899049275181393,3.774968874023858,-3.189485959780873
-2.067039522929461,-0.4286100252518179,4.942948523322575,0.21761246911658505,-3.445343238014191
1.0142826184019962,-3.053252914598546,0.01989588065559067,5.14796281960284,0.8497510408102558
-1.9990231681452313,-4.0131170916878265,-2.191082249988811,-3.5210847962809626,8.743162673830511
3.040397278492219,-1.4025435790754728,1.609707183472611,8.00753888758921,-0.5546763634552231
-2.311870208360528,-3.260484826434389,-2.5901526417913283,3.086591179339512,1.5877548739578176
-0.8847707368961261,-3.9524993296988935,1.0789049550196883,5.944479983746694,1.044405668496057
1.2008492279234788,0.1580810026790137,2.9079605208065527,6.933896400662352,-1.1198870280650066
-1.6730615725410396,-2.9106741851337867,-1.7197983477368224,3.930081823635729,1.161960775801825
0.4269515809008564,-3.139677763186107,-0.8881896485295797,3.571239904086945,0.3830731291311589
-0.7253994571792433,-4.479742751037268,-0.10602534518176343,3.6874520905780397,1.4993633710762788
-1.9659760655225789,-2.9900312949847425,-0.84103606857561,-3.2300333234995797,8.23423281224358
-0.9173337340560264,-3.8710189781065063,-2.8960298289281616,-3.1397319875429255,8.978605090070362
-1.4415130732775727,-2.5191968793238164,-3.4312919396243546,4.076831391250682,2.0344502715798534
2.210464931889459,-0.3462121615548025,0.4269627966261704,5.561911891890303,1.219496264778141
-2.550200552967022,-2.232260522936846,-4.835224613378561,2.532337327447645,2.164091142622587
-2.971919102149842,-3.372568151098424,-3.042851025652409,3.276087637778171,1.7879699153275252
1.0901231643026374,0.41098568808580327,2.512437990952337,4.843712945495561,-3.0374167520719175
-1.3261307349413478,-4.888255498652244,-2.385045957956584,-2.7797739576612623,8.685875022257473
-3.08364172928981,3.7605713002876033,3.3646093609213015,6.4399320558612025,-3.3300959113944786
-1.3290800905181899,0.4721522809543961,0.4011346804550997,-2.298236922776126,4.28749710893275
-1.1715979021857936,-3.4849230875505692,-0.8539869368333974,4.157823829506893,0.8615583128519844
4.265554471317139,-1.7299920277427963,2.262783074943975,5.996955563155534,0.14714248948058328
2.2705835709332316,-0.4346512003839962,1.8390885047915648,6.271037656512958,-0.6274618517559714
-1.1262042602255846,-3.6605590725327186,-0.4822169382232635,-1.5014263755624722,8.65148840253495
-1.1912367703072846,-3.634534837514236,-0.04262020430735225,4.212396534487035,1.434551766915336
1.8576182573626996,0.12212519056649185,2.3271135131423337,4.28339817104275,-0.4399177570979657
-0.9281715770332603,-1.8403500492608864,-1.1619217290806891,-2.698385025128502,7.41108344693004
3.6033995328147927,-1.686230169996385,2.6880566877443526,7.431119305849567,2.1246756661006065
-2.7560983948109627,2.463650902221688,4.480499081236345,4.9736745806080105,-3.6308721464669365
-2.6255813801501664,0.5447451970957502,4.78460290209516,2.63168664851446,-3.7823936521748394
-0.1669519165401483,-4.318328324159296,1.974168132247999,5.094711451475863,1.0111353272663093
-3.825588013593916,1.3760320559553119,4.957568680559167,1.7699048127004402,-3.325844403415916
-1.812315109169275,-3.1227570434574514,-3.1506763242399574,3.31772248078345,1.7652401770610548
-0.05984577004102132,-3.6750551832879266,-0.6236833204883316,3.266611880407025,0.9895099832973722
0.27239844024630244,-3.4976762187404695,-1.1005941565339694,3.5540851552689943,1.1914774143183053
0.0331716702742203,-2.951900315081366,-3.0454321351502687,-2.5262669111740816,8.100321368976083
2.327411589741574,-1.2142527524564537,3.10752115135311,5.263182688131127,-1.053965533392454
-0.5283284496807048,0.5766788114968744,0.39381062019368596,-1.5347998112972485,4.844496588869758
-0.11858079711284686,-3.78578821318107,-2.5584206865942223,-2.997970828312174,9.314003506666248
-2.1899175568653804,2.1563841232220824,5.081572460811314,2.3255854311242006,-2.821150134835842
-2.406253472615126,2.573728730201528,3.7153318799473194,4.163665532214351,-3.884056208845069
-1.9472427537058337,1.6146382974654458,4.783569262916007,2.077326751209816,-3.567409258085347
-1.80069017491769,-2.7744786888740167,-1.385975578577301,-3.698863300993735,7.821107368724037
2.875907371720247,-1.2246538527221813,2.4084082341518847,4.177517264182688,1.278154499637317
-4.3160827624442994,2.847793058163691,3.130510665961561,4.348566478351296,-3.2362641680750133
-2.7309794169781036,3.370132524096044,3.324494962042219,4.212592226781428,-2.2771870426681886
4.368895682622149,-1.9872201308864845,2.9227385597063886,7.820352416213239,2.227115053199
-1.5970632463603465,-4.967048296923716,-2.8362186651031527,-3.4734912529959994,9.40048397009081
-2.189577755927945,0.24700171383201397,4.368137909146359,-0.5231623759639348,-2.9503068858024246
-2.7996018419119757,2.6774777026564056,3.9173959830012834,3.7524061429936566,-2.4996327159863023
-0.6436481108396012,-2.830731714417117,-2.8221556423754848,-2.5280576464672886,7.53903862704536
-0.7264218937416713,-2.0336581340708544,-2.392327296648648,-2.5372132664521483,8.023819638140235
-1.0756668958256395,-2.9378671421849094,-1.5797605648408828,3.9365859142884814,1.251337231716569
1.9579206267997553,-0.5563227664379338,2.706794696244836,5.798397754900757,-0.8698622589492725
-1.235677360887292,-0.8309276933065202,1.0959905606734508,0.11214970372581634,6.182439259255843
-1.5526443739313656,0.8611072639963946,4.81177771848125,1.7080518870137507,-4.267901476853791
2.412973709698521,-1.4767329986377615,4.339124585252792,8.135647882809636,1.0014228305570374
-1.8359542281333237,2.7559483919537295,3.681529327005658,3.131392878191531,-1.4557921377910883
-2.114986886017563,-2.2163902530313155,-4.810719707870586,3.1536982594347296,2.388529693366454
-0.6961911202446133,-1.617688476302149,-2.0360938975275684,-3.158267504627212,6.61256680004259
0.34139227671359074,-4.7565027995725515,-4.451030378861423,-4.510857922297821,10.09709978149116
-1.9831551611087435,-3.084323632254892,-2.0702718250295704,3.7326479268141446,1.5432370734905962
-2.0908582548064114,-2.9247969061378285,1.2810433880590422,-2.392193291376994,7.116248955607199
-1.6306034558467184,-1.3114715192045334,-0.3849465947700287,-3.1197294696179885,5.862812072891393
-0.5353665294679205,-2.2649915841644868,-1.4480860388129144,-1.4221616854800505,7.384029742731352
0.04225072971725419,0.9981506279194661,0.25092752799019347,-0.12532353393274143,4.455725458506993
-2.2706050056935414,2.5573389079992492,3.437784249776779,4.502801846392462,-2.3907636707125612
-2.3129969555841834,2.38327939986471,4.404394454755298,3.366616568553558,-3.0096054711418585
-2.729640361619745,2.4343872115088407,4.656985001876234,3.4369091136393455,-3.0549590424029103
-2.02412773036924,-3.147218153326128,-2.792391471113813,3.2916600378258773,2.0193589407436505
-0.535946385523772,-1.855203812616649,-3.3048767561001298,-3.8838992496074027,7.456600217186599
-2.345716142680594,-2.4845215881966247,-5.476005979348349,2.43375180437612,2.7253559371459564
0.8935328586706339,1.6313745405202662,2.300990281687693,4.5799311904780815,-3.2735249385283915
-0.7572093178164616,-2.688449340009001,-3.0730151385004087,3.801504592727435,0.35383572490092774
-2.5068317541963774,-2.6093585717188503,-3.6022256048217507,2.553879880852362,2.4643495172046026
-2.5246846611661544,-3.0946249038836724,-3.812482957084788,3.156746946561281,1.617225365176848
-1.307969772449982,-1.0983597604661743,1.603023700860374,0.1449740331088063,5.4052663667652325
3.7220314512302437,-1.4811265256658588,2.7606748208217886,4.256594882384309,2.0394705462746754
-0.18173930478258415,-3.3479665330887785,-2.095707085892118,3.17780915373784,0.8049232786950278
0.05884417075913584,-3.2520874642109527,-3.5504840196458725,-2.6936656449298084,9.048483135832704
-2.851879087154467,-3.5982301853165692,-1.9040518306714853,3.8927213604268323,1.7128985948100452
-2.675371000473371,-2.923704727501348,-4.323105598111749,3.151028906234762,1.773879977845532
-1.9890539475372044,-4.482317816852646,-0.4707363873462945,-2.2825301018040594,8.620050750282516
0.8961949875089157,-0.24858864320561802,2.840821196990733,6.149081148799841,-2.3634103237980426
-0.24664692893582085,-1.6665904335388162,-2.6064249604682175,-2.16068694728908,7.80088521533701
-2.303280302040649,2.9845051089801715,4.0925791459030085,4.708879836550821,-4.733230654992502
-0.903334905365252,-2.86498911558338,-2.7868131503644595,-3.5647609103338334,7.576889661558585
2.4619340880546403,-2.2264878127143644,2.8908704964408316,7.30302239637383,-1.0151939521779112
-0.3308182631161708,-2.5422975186662775,-1.9686202963141723,-2.6251831213743335,7.64427236227273
0.1285639551165505,-3.8664106556648083,1.230297846713286,5.352054703536824,1.6314673427903252
-1.1841474519881134,1.3975754016332909,1.865785339981905,-0.0528543559821264,3.4902120639127423
-2.2167455411882973,1.7426212107419308,4.503737940046909,2.1406459052925486,-2.2443388715982557
-2.0540329674785913,-0.1634166298685309,4.375922892462779,-0.5238000889358743,-2.4366575219479896
0.3627958422663444,1.5901849472347582,0.9404957737922999,4.010093337753588,-2.9083182767722215
-1.0016455824600552,1.5011814819369662,4.2842750946046415,1.7344461004218217,-4.608225369039802
-0.21601789162747076,-2.6259228685615916,-1.3563948366890997,-2.7911899309931396,8.030995970077731
0.8392946341393941,0.318700660558078,1.920427685020736,4.669179222816805,-3.0449811733846897
-0.8022879497611461,-1.6370295955562684,-1.1856844343724724,-1.2110957611731832,7.798479415106097
5.443990907249368,-3.3010957131200858,4.011566768692116,6.713639732004002,4.2282496730051715
-1.8097247408789885,1.3528303743450956,4.788118471446633,1.8342763592789226,-3.059952747046992
-1.6213510140117215,-3.138800017196006,-3.3188144593387388,3.904513784354918,1.7609847070862732
0.6619012172142316,0.7903516214980633,2.116601689618672,4.442227788121718,-4.549492509240425
0.8096202244365966,0.1590204937527273,1.402894357144966,6.066842663473154,-2.342090816071889
-1.6179422304477162,-3.9051006245459527,-0.94764202640893,4.095332005068484,1.4286862418791386
-2.161867424215435,-2.3377999811978682,-4.011254975541778,1.7619287315299643,1.1886786276516987
-2.270039527268714,0.23333728061297032,4.831023965905554,0.35676266224066033,-3.0207835281385584
-2.012640703237257,2.526491765005212,4.432307578484787,4.446341222970671,-4.55247710925733
2.4549308517743214,-0.5354115058198949,2.4479223231223806,8.737807935900964,0.9526365158546028
-1.138366594370024,-3.056675457986483,-0.46229135621824624,-3.07300734781251,7.345529223143366
-3.0461753703775045,3.6179312598313222,4.904145438002084,5.794582905136712,-3.5449364658235845
0.9541383274082402,0.5760471906564246,1.3235780642347559,3.5752343438000938,-2.240754221088799
0.931397306897872,0.5835979274745422,1.9571078244450397,3.862995259764894,-2.8430081043591238
2.5645165559803544,-2.007013598138779,3.6611271350403296,6.346839022614499,-0.793504399346993
-0.506521531693994,-2.873800284763394,-1.5977930087480492,3.4728148101536553,1.5249951562360353
-1.6100557077489823,1.187341260318414,4.38935256079707,2.855011208103857,-4.114317412006619
-3.009202376998678,3.592576846494372,5.0301932071753,6.9908592670178855,-4.496895961528349
0.9374456845995665,0.2634155367990041,1.5305648670499001,4.944614783864461,-1.710664659241298
-3.272206832723753,-2.373762097827769,-7.243197011155379,1.6332787515205696,1.7002899059668048
-0.055858727112890305,-3.6229287473423213,-0.8450067610343655,3.650008028176744,1.1134836729795126
-0.26901326223849065,-2.146537542660758,-0.24520350277286973,-0.9695583278044715,7.638538875351696
-1.04494836149277,-3.771886174138654,-0.18924826818965523,4.558599859030738,0.9040253750848888
1.862662894498869,-0.5110989724037843,3.0040223699618993,6.926437710800091,-0.9382426274641774
2.7540826408540786,-1.3533022909669628,3.3816679825957827,6.103483496124489,-0.39833964562078217
-2.2827052346371812,2.862878769821735,5.61593646944819,4.04446223357874,-4.00276932000274
-0.794103418656932,-3.8857863280754854,-3.908210834712441,-4.541847843558241,9.07929668904039
1.2801533114642758,-4.638701211148606,1.8403265918933682,4.96789713122833,-0.41093205235591745
2.8219066281912317,-1.189956762821438,1.9514914232330538,6.856120166177533,-1.4129689353050705
-1.0798623367116378,-3.3871680824618746,-1.428180402100691,3.622599956322552,1.3631035136646275
-2.453031824894448,3.4747821336990707,4.318980345801545,6.0856482432749,-3.493448732749006
2.0714337029780148,-0.22620863700450555,3.440169071561749,4.549525108046677,-0.7192541872685256
1.6934200922054532,-0.5099075021797806,2.431142376901661,5.864568381683125,0.40147294728471317
-0.6656594333947379,-2.090585521181551,-0.8053116644588205,-2.391892891636215,7.154502321972627
-3.148742805363135,2.802924066631455,3.9351341557248793,5.15758505161941,-3.014286502167099
-2.9271303487031304,2.551062492651875,4.2264829558225605,5.243392264164148,-4.930216993194952
-2.6496813545395566,2.399915572740179,4.549709530714519,2.0437836385150514,-2.9295976079313415
-1.8712957876848724,-1.9038684648564295,0.020486566495303782,-1.5062625761800619,6.55665881455085
-0.9870954602608091,-1.9139096641903914,0.2530619003808725,0.001758824453654384,6.97021038164821
2.3968444481784554,-0.6647976853903321,3.517619906093315,7.020867788142462,0.10097751929330023
-3.0206007552146414,2.5258411182947174,4.012485976676562,5.422595016101018,-4.8323288961409325
-2.4051772788158923,2.419818967051605,4.150060191888637,2.4213583304922137,-2.6712349861588853
-2.896440552717303,2.74342880588271,4.726456158385405,2.695189529827563,-2.758508347934132
-1.2628547003719786,-3.628388933411336,-1.3798498410477933,-1.319705714493631,8.584450917220572
-3.4189408923233566,3.5125708069438324,4.260205324406007,5.322785179165121,-3.3860132231559636
-0.1806846434994791,-4.288897020962741,0.11205040180132464,4.501848328048929,0.43183823684573586
1.672418377803731,-0.7018759890676558,2.0327203085344596,5.758636359936663,-0.5329166016296398
-2.254387301504917,-1.7923045894970007,1.3076175784533293,-0.07681557632176395,5.362454976159914
-0.9769692290974175,-2.016976075944757,-2.780670534620805,-3.4936297568729064,7.2843284813803715
1.0915001707794845,-0.40451662771494135,3.429619848690266,7.459008418072988,-0.9590876877973655
-1.2497290044377634,-2.8531982182189726,-3.666328605452199,3.0123066841662283,1.6666181517979417
-0.6057484357566107,-2.700563986493873,-2.7716865711834355,-3.245767486110894,7.459764017186687
-3.841951681563777,3.3147499583301117,4.2971474270578565,5.913655851116532,-3.1689929033858983
-1.012824415609439,-1.7085587840331717,-0.9533540852345479,-2.6675872580237705,7.599825637632554
0.21474870457017703,1.2394885381453735,1.8874614578765756,4.08012842064884,-2.704695378904495
-1.630368542206742,-3.5118999931752866,0.3895726336691965,-2.844140816701208,9.24328625245422
-1.9002620733152682,3.5638871546868263,3.534342657909801,4.573307200361107,-3.235561593346512
-2.861937826639337,-1.2917812305762497,1.8977827176343158,-1.5386209300973452,4.880420883890164
3.526657724141512,-3.062962903606622,4.218681531188624,7.527296946740382,2.3443033862317746
0.21299960961828723,-0.955448418761653,-1.6854254063161835,-2.055893600030439,6.024034985896536
-1.0159939641918057,-3.1929596431895604,-0.942697349032305,-2.707830050362987,8.79888503528705
-3.008857064877417,-2.086174654611815,-4.23216625126903,2.956126525655679,2.414263417539857
-0.8969819848554592,2.6196585009839053,2.139619764106798,2.0237304246061,-5.063111161782148
-1.4254399663749182,-2.3412903334679065,-0.5804602799954814,-0.2628552215176905,7.273317289572071
2.1575007383181384,-0.6340908598308928,3.3945878762017223,5.9835153248483515,-0.8473744913085025
2.8715589583535155,-2.115785287530014,1.324403400374982,6.634711131808208,0.8205322669974102
-3.493332239726339,2.458938801147188,3.610971123410214,5.78629828626849,-3.7503501644357815
-0.5868888232357292,-4.604100178033647,1.0126998927821078,5.399690017933437,0.43078096844631597
-1.1703229363982703,-2.119159484169638,-4.043591270619109,2.2628020436065057,1.2100064660530419
-2.0421293095154103,-3.118019918568503,-3.2122103777810374,3.2483747766734385,0.7396924935011754
-0.6433137284556913,1.3666114164755305,4.703843398784457,0.6178702195481369,-3.1673350713223183
-1.8361844503285454,-3.6050189902926735,-2.382310096341908,4.060537644358628,1.6419126877627563
1.5020687943775874,-0.09934508605674547,1.705623036415853,5.552499424979,-1.9658038523233723
1.1908767621198457,-1.829977008284621,-3.09293271785991,-2.983744112256871,7.246472914244573
-0.47353043410995405,-2.709553591136284,-0.11764553972291503,-1.3699959982785004,7.677444737149733
-0.740373449343927,-1.3897396543439406,-1.1128802351914504,-1.618582049046403,6.332287730664109
-1.5047287563178724,-3.045593992586549,-0.7715989762585498,-2.2018112709341193,7.620725447385009
-1.6320383407374628,-3.0262621160323078,-3.1250097959360463,3.2965412996316785,2.354480812366149
-1.2810835650225851,-1.1786573060609298,0.1250677989604172,-1.6962291560501952,6.28447863128488
2.3853129727143974,-0.552715332734942,2.036828458588078,6.887094016212552,0.6581380848820035
-1.248476840246863,-1.7677383404661715,0.7321753601730556,-2.0907253120705,6.814129248757732
-1.5859763452032436,-2.793571568361349,-3.8174249931390416,1.8522573872825367,1.1105121666676363
-4.95247565772583,3.795328898625506,3.728656327726379,7.706051780704833,-4.684061229801812
-1.1702332800918902,-3.537227441197618,-2.113606733862702,3.2108645783668837,1.0443116257886584
0.558819855150529,1.0577042700138455,0.7562298480217209,4.343710255114521,-3.1464462631142247
0.1273798480417453,-4.020177490246778,-3.8128785526511466,-2.468468825286269,10.282963153990483
-1.9391404293906116,-3.2730613057031164,-2.4285102389548423,3.464511614214966,1.6759672496501035
-2.5652144389174367,1.7435893078146671,4.524461173682188,3.8361107336513167,-4.2544872276025085
-2.0348791923827614,-0.5357676223727119,1.5831832614525734,1.1874288810913431,4.643591373249546
-1.4662831933351033,-3.8066516910591126,-0.6099344463882044,4.956187620229757,0.9568015686742427
-2.5417595099991117,2.4414418920430565,3.546849546309459,4.70596995181552,-4.000215100204833
-0.250401038720238,-3.341963665177681,-0.5988433171167951,4.716047320556268,1.388051054150086
2.1358158963373333,-0.6219757764587187,2.5223701168027435,4.892262784710045,-0.5819631287264135
3.130281971618938,-1.5902306008433338,2.6424625645392896,6.553487547561597,1.1698184825194966
-2.810586372904288,3.80945579823148,3.8278137266616827,6.995016165110805,-3.9781297189764437
-1.3732925997405667,-2.39441961170662,-0.43345650320825635,-1.181029414643897,6.650933321735493
-0.6804037509263303,-2.742444718201577,-0.6166125979047061,3.9325385620484092,1.2758551782434195
-0.3692120528511291,-4.025894618211563,0.4380689915597,5.104002013675954,0.8537338989950857
-1.505080133360226,2.5015963101660925,5.144667540927353,2.2852531674884755,-3.627771616144638
2.11908690073828,-0.019506684980353906,2.142293058012457,4.601863293989554,-1.0425476056928686
1.1162424760371108,-0.06232084596390769,2.228096605160424,6.255363342690705,-3.1319878566030988
1.695114998827801,-0.42905189943119293,2.291501805247974,4.680184186346417,-1.4865005810400191
-1.5204988669737487,1.0334815081384936,5.673217538775804,0.6838645256995717,-4.405597131496564
-1.5089527447810223,0.48831965083864715,5.104446312173625,1.10445880033729,-3.7915998089574012
-0.8007368719265175,-4.075781466957722,-4.161830003711803,-4.701534327956962,8.904088198836961
4.123866466240344,-2.4927733432316743,4.4823806889795135,8.914712518966464,2.501063506303904
-0.8411693203118183,-2.187384468160053,-0.7191117912711619,-1.9273169586519874,7.22567015713141
-0.3683683710022939,-2.967224190671344,-2.377807681135453,-1.830677722589875,7.340452281646775
2.1858363999772585,-0.44220370048077723,4.536547322101439,7.953286583189675,-0.20639090264710658
-2.1043925694320578,3.6594388701858116,4.852381914883547,4.580163190160835,-3.5398021664269588
4.25392286260767,-2.5049767365975226,4.2341496700048324,8.463099205961523,3.22896348568191
-1.2542757506102316,-3.6403310567217657,-1.8612428279841202,-3.2231000245819397,8.086204378135278
-1.0092109008227763,-3.058020174883972,-1.8797835999112928,-2.989930988842216,8.038252739803275
-0.011423190284723939,-0.4478167749456492,-0.628578854602107,-1.915607877186063,5.906804789098777
1.5580073670263161,-0.22750354039512538,1.9805754577425958,5.628137989305642,-1.2368275213176139
0.49816832498460095,0.1040401437551921,3.660936917577534,6.08319400222164,-2.524017290953224
-0.3206015958442304,-4.481949712131211,-4.253761485682288,-4.552297177723975,9.460395862601622
2.728122678986189,-1.818182711265409,2.526080673139015,5.802370115731818,0.5299916937367253
-2.5108204118940454,-2.7586652912936667,-4.259697643488574,2.4740831195834394,2.79730638051959
-1.882681559443992,-2.960178620989803,-2.870706587678958,3.949168470146262,2.1813789964667443
-3.76723018108252,3.9794844527559685,3.770645728776066,6.312305452330742,-2.5537008313118337
-1.7825234930589824,-2.6420140219929737,-2.081006751856929,-3.729357733300027,7.835350399620904
-1.2342917509827707,-2.4022241348566626,-3.6280236253183107,2.6519152054745474,1.3851991573980986
-3.8884959987865213,2.551269998985448,4.467066726416228,5.492173451816672,-4.420350096653503
0.0341738560560263,-1.083148737179089,-1.9461778329761232,-2.1447890447585007,5.384659894273525
1.6825920129329104,-0.4470009857226042,2.288282758059802,6.437488826172049,-1.8126593548141918
-2.574386225089736,-3.3670527023809598,-1.983024148031503,4.337493768113677,1.7596014783695815
-1.3610508995135058,-3.2241836453356876,-2.5858490543870842,2.914010923899485,1.7220479022075748
-1.474079398497566,-3.328320718486263,-1.864986867102506,3.7391660399750815,0.7280867930358742
-0.6995467558071257,-2.6943405733120698,-3.2089569164634972,-4.838382397331376,7.785817577543073
-2.564121512510345,1.1246332692310224,3.521725758582594,2.497111938694745,-2.507123762843047
-0.631519219351004,-2.525932617331345,-1.3006942646448996,-2.8056928883889594,7.714305999762708
-2.7182694916387575,-3.056376515152735,-2.5514432012888824,2.7305999348869743,2.399482802458004
-0.7016074672829112,-3.53446195481772,-2.9067568626127755,3.430520253021829,1.3072065204182262
-1.0182868290347211,-0.9582682216289731,-0.052861466609019025,-1.3456428886876346,6.413850758460395
-2.090999329527512,1.0127434467420964,4.451423180961313,1.534134897688538,-1.9317238389183344
-1.2863437865403995,-1.9789354876879905,0.5808705204175417,-1.4373581032743488,7.377905081895167
-1.0996233690404507,-2.5315307719903606,-1.7231149542039899,4.097585898098074,1.0401198652804498
-1.0521476437325792,-2.2405048474452385,-0.8855031074626092,-1.441907212241049,7.334264900245634
-1.4478044078851788,2.05176903462583,4.278488050692284,3.1125374441197353,-3.8881559683014797
-2.1885897610004714,-1.5726296422325179,1.7914189099663167,-0.7663095843628318,6.372445286231965
-0.07263463322113761,-3.640482857124543,0.5308158758520976,3.942153384602202,1.0750333212072327
-1.523106790798072,-3.0488375529246134,-2.8478461552197727,3.595583407843995,0.9405569892670859
-1.9144814336414304,-1.6336033536697454,0.6390246707348721,-2.5348656462378107,6.6269388397290685
1.6807664500740185,-4.113068954595894,1.5284958400653998,5.506733477928052,-0.126729329048346
-0.19457872816136512,-4.383397912915026,0.14899759231103804,3.6238686691391373,0.8998310070078077
-0.4284994102114188,-0.8336255657554756,-1.953772122517722,-0.6901864307703529,6.38588238483037
2.932655548496018,-1.351561623600639,3.1350352250795015,9.02567169229684,1.1713077632720412
-2.233203737842611,-2.6852836910258806,1.0210954105696932,-2.981171855230728,7.778000462374478
-1.88334209534147,-3.0174964878552633,-1.8105714145360594,-2.949578179451321,7.275930974946527
-1.0443475583852793,-3.558503725023469,-0.02042958475657497,3.9119581176590352,1.080265468495929
-0.15181610361608344,-3.3586315308492294,-0.5491183900796202,4.838043138864393,1.0401852083679253
-1.0102685386814503,-2.977095886594728,-1.484921349857271,3.964406326591247,2.21321095922811
-1.3419475307829183,-3.0916344661762714,-3.153617418889822,2.6524348756493183,0.8958667720005598
-0.3745506973436038,-0.46907289654911843,0.8320679066818637,0.30410797174881,5.897941077379238
-0.7651697264685139,-4.044237611290001,-2.0749592630244287,-1.8255843947660302,7.281809219312254
0.15518246327926288,-3.318100294031982,-0.7273846934710637,4.129588924535641,0.929318073896986
-0.9993465470366633,-2.2763920028613724,-1.1937203096143272,-1.8749730235027715,7.508963355801822
2.5922385980423615,-0.9715293438571295,2.609692107012673,6.302667784536352,-1.0788792448965348
0.7942953485861992,-2.93220531892973,-0.35202832896914127,4.406271820911874,0.6793800555505137
-3.270373606886899,1.8266415576869064,3.419346285576221,3.291282060694983,-3.6672063119901055
-3.587288167999576,2.8163490576038566,4.343732265837261,5.376680671583811,-4.105915993009125
0.026770005893678173,-0.5605709392649547,-0.611631000787045,-1.866408410710164,5.791391989281668
-0.5259425353618911,-2.6426082275119747,-2.3909227978348007,-3.485822782335736,7.451133963109035
-2.6209746625250427,-3.2988257970810078,-0.46475651396548734,-3.711338583858514,7.24897749293034
-1.8969606295147652,-0.7725175366483266,2.1072022430202866,-0.10781484567521993,4.6222648547984795
-1.9094281375761888,-3.560036178266288,-1.7471024119554828,-2.4588953749973665,6.8663650673973535
2.922355401294591,-1.3633837144818615,3.6154694741682674,6.068026874153025,0.635588894975845
-2.3318505146434405,2.4513251928393953,3.969984097836059,3.6912245260696945,-3.968481936127317
-3.5777469197243903,2.8934489478879533,3.985289711013179,5.4564924976406015,-2.6290334734198253
1.0068131605865984,-0.9193991390092786,2.601215189750975,4.839864599684579,-1.1544909637387581
0.47895426872983904,-2.3972541621016874,-3.467540728268414,-3.4275066285147386,7.5442734629601205
-0.16022456935940177,-2.5333078752946765,-1.6052322233619707,3.3819001935124398,0.8870302907468891
0.640586701085502,0.5768597606891186,4.081241107203097,6.767714728786695,-4.0081423946915775
-1.322897008776638,-3.263338041271765,-2.580728332386813,3.4214203467293407,0.8689593055890853
-1.1073856524498185,-3.753892846053649,-0.1653038112581222,4.562827279089096,1.1548468478965648
-0.2559908924171973,-2.479755224251971,-2.6094857180673854,-3.2822995716753125,7.762947731755072
2.2657343149329447,-1.0896748282425988,2.066413294617482,7.588458385678229,-0.2960086886532106
3.407153672602785,-1.7877072041435862,2.770244923901028,5.160852021988037,-0.5592364825703524
-0.052437576757856985,-2.316185758722683,-1.1303843269723466,-1.3696086247000299,7.63757301376425
-0.1325600872450583,0.28775547187697814,0.36744596818344544,0.11971594113965889,6.0702509620002125
-2.903869532795594,-2.6235410151565772,-4.795208004962331,2.4805380774363597,2.3782095823563836
-2.7491784044169054,2.820233667899089,4.29184177894651,4.316192873523688,-3.727022659649284
-0.6246244434711449,-3.1267282441104642,-1.777606518382925,3.9742580956342604,1.2978469709157228
1.9687242831131,-0.8607624681184183,4.184537580622603,5.577622245117176,-0.660010699805873
2.4983262088850475,-0.597648111214639,2.691406295280597,5.146901205641921,-1.7481370220203232
2.333792384248601,-1.1038634892721706,1.4812157922973759,8.377500501025004,-0.422561435417249
-1.2088312453073229,-2.7641427636604825,-2.6174628526240196,2.946365807150655,1.7395715669350464
1.9086929156592145,-0.17690079420312937,3.346388471151169,5.317388935752349,-0.9992484632560097
-0.7807214171645304,-2.697191364205128,-1.8958847832737642,-2.760742336961433,7.771676033645118
-1.0293199190468267,-4.138403984246702,-1.333450279678743,4.854108249960419,0.6176478948303447
-0.8096827540660827,-3.174733874809622,-2.5985561426441337,-1.984439062171654,8.508887307948164
-1.4076626317893146,-3.4073830204758258,-2.3639602673531783,3.668513543313092,1.0108781559862237
-0.1759112553640383,-2.5224512241699744,-2.060829353608439,3.697416876300094,1.8737329964292688
-2.0199018494136047,2.634615148826976,4.8860942074563445,3.6733348886785184,-2.988415983657574
-2.506615794468271,-2.9508135834801896,-2.9630767697381355,3.8289490355593423,1.5662886323590377
-2.2932699559389107,2.0419267192562143,4.815935003313736,2.3901757587001677,-2.6286698740183225
2.488110744547824,-1.266386821058836,2.280903746989503,7.970047348388671,-0.48492683639780493
-1.0765272144921083,-1.4248013588401838,-2.0858801819056323,-2.054495517946993,6.322616697953247
-3.3651624291527673,-3.370870004378479,-3.363315229755914,3.3388962551290082,2.289780228275406
3.856318044015019,-1.5073040515966496,1.6434135915950345,7.107519953878155,3.360372849507627
2.30610051334119,-0.5730241041031298,3.3680924748869474,6.016552321402357,0.6828926758838294
-3.8164653603014163,4.001995481453439,2.8021848382523666,5.180146634194468,-2.637156529741188
-1.7947190104337012,-2.910188975718714,-3.3265222640193364,4.03094833541088,1.8181704968335144
-1.1602469702581866,-1.3580944140948952,-0.14086728452202646,-0.7452268246154412,6.24409716424277
-1.8765038518790442,-2.323122452123032,-0.1154443876786122,-1.3300956919559181,7.0009024433438505
-1.271145352316681,-2.941050574509328,-2.335738919020275,3.8132544625012876,1.1670641527406318
0.617793278813469,1.366428673053991,2.8458428615907865,5.341389127151207,-1.4243536136535686
-0.8522116741336605,-3.194678361209819,-2.170581708660605,-1.8885186811279768,7.5020747754701915
2.161690993783818,-1.5897963139253293,2.216784630568298,6.7581703144589955,-1.281690479399749
-0.173705287988132,-2.938770950811623,-1.3608404011905582,3.4950723096094958,1.6610739363432763
0.02168061748485406,-3.8369665415106624,-0.859797322075833,2.6623561064575507,0.9750656009650331
-1.8990458671527444,2.8034658413980647,5.321909548960956,4.487472628993642,-4.2784369961430295
1.5390124868793682,0.4349868849370787,2.1309161763299986,1.9415971714726448,-2.382665860146231
-2.2265041299929855,-2.8435347081740616,0.16193840572503926,-2.22520910462503,6.822700848605609
-0.5887641764825136,-3.225320078888538,-1.7602962736605916,-3.5994175238329524,8.857807002479495
-1.3467511044086506,-2.3286021189869834,1.294550729722319,-0.39848496117765686,6.571856864442036
-1.4177465896914443,-3.8397289922632396,-2.5691496677246874,4.3042784105967655,0.6152329097850309
2.4170539901477994,-0.6919649464001767,3.3971335737257,6.141235862716838,-0.022235096941503274
-1.3486505900482972,-3.5444885922083733,-2.0326352091511852,3.4633013500747785,1.1273839444386675
1.6475855680296787,-0.47445079976881654,2.5588438897478754,4.255732100442663,-0.9854009347613553
-1.4802127112766597,-2.709504319820408,-0.3743392994403838,-1.311265317942677,6.529434323255461
-2.3490583096298163,2.7844879249832695,4.1031095324801905,5.527021693951469,-4.947000469031894
-2.6208206290314426,2.957062893686708,3.777614416543219,4.265403816767699,-3.912191674511111
-2.209479078084892,-2.651776160667344,1.3621104444425582,-1.2912975562533962,6.18657316165106
-1.9625220593902322,-2.92152765837504,-2.3070557452381886,3.0468942870452334,2.6376601757060865
-0.2330569569353721,-4.936187159959006,-3.6099383184774454,-4.356608669134992,10.219892624174712
-0.7284494856834899,-3.4024411097636227,-1.233754400232003,4.453342249324966,0.8918580855234273
-3.962989907161422,3.826850781364561,4.467359042711318,7.033857613089335,-4.647185815782726
-2.4613258527614867,3.528106023874906,3.3831323673510623,5.133661603963072,-3.537430478780134
-2.398703138288681,-2.76799475446921,-3.509744824850744,2.850525188415326,2.126509834741999
0.029279866691971135,-3.579716299417103,-0.46377536308810274,4.564520928525656,0.09725015215393684
-1.1631524256506403,-4.0529920234704875,-0.9914823142281725,-2.770230446523734,9.674814303574948
-1.1617478372509367,-1.2529458231584412,1.566092045875417,-0.4722756230245331,6.537400205108298
-1.7647013671050351,-0.766899177241106,1.8215933940027478,-0.777244544422649,5.752380607447698
1.337533916219365,-0.6834035075644518,3.0708288906271637,5.841512299262246,-1.2610214843354366
0.5659278156928426,-2.3515899242316314,-3.248896104035481,-2.669140927720205,7.95215827769049
-4.094496483424237,3.8880334328052006,3.336399679844363,5.547271231004449,-2.3354857255247303
-0.25099414056463976,-1.095541000276387,-1.5715073985160808,-1.6466412901307566,5.893719471765751
-0.06449472706834047,-3.73697111609645,-0.4904845919031211,3.8108714978110485,1.507897625643081
1.5958183417057834,-0.4488113089395296,0.8214927512171237,7.049373412666581,-1.5156165821833003
0.9504031802777426,-0.10948729541668134,1.2484927559023553,4.862355254794552,-1.245209901350158
-0.8514928960020024,-1.6899953889757926,0.2606687101761076,-0.8535485491954433,7.148048426969166
-0.5551829762511931,-3.772234796962743,-2.107335719231693,-3.6891367592083,8.556285957540872
-0.6697282407767107,-3.0210883548998715,-1.7586672588551466,-1.9409464504066107,8.034705342301411
-2.175245944878326,-1.907276289199771,-3.5755828377222185,3.835898661685275,2.258284329432009
-0.6448770026092707,-3.7243352421790332,-2.0451520767931166,3.6246821349587273,0.7448937360096877
-3.8708422747383744,2.0419187328576913,3.3543453111681885,4.105479591341916,-2.8072121834509347
1.4739448758364315,1.2371364186687834,1.1943851381579713,5.711871325989787,-0.47540076583230945
-0.6201398672512377,-3.9935715944002594,-0.3431188109636589,4.115833347001868,1.1106164283844384
-2.1668874430079255,1.6280433904583407,4.02853405552491,2.040924538100578,-3.284034574175568
-2.181683297006611,2.687788817781879,4.1949527848871915,3.6689674950824225,-4.225959355521581
-0.35153405425382156,-2.450654323938249,-2.345521278220887,4.280535300750666,1.2295968053312285
-2.130180360840642,1.897944912420456,4.164755130168033,2.0564864324538634,-1.979327067419988
-2.5130370749728748,3.212802300839069,4.546721117868174,4.882374313729915,-4.6059698106837255
-2.5211121415926607,-2.177234348068125,-1.1260474974926287,-3.483652701495756,6.4183856069252325
-0.7836498094583975,-1.3660730541843553,-1.8647154277340818,-2.1237316269706783,5.539435821800034
-1.56339482559809,-2.161047325620052,-0.9258041189577816,-2.4674379394789128,7.148588540334674
2.9811712631251974,-2.0653170238160943,2.358449711562562,6.738037650332547,0.5715672347942606
0.1428077961242724,-3.6306779509780407,-0.8090802930256094,4.632591629400031,0.9526750086950663
4.027944766650168,-2.9913692500245483,3.6262598748658963,6.35641289212369,0.5973466404889118
-1.714827956556194,-0.9966486800315559,2.787292285371786,-0.8351923010185365,6.268281408976929
-2.227609398191991,-2.7422208126947742,-3.231882368253933,2.8709093339650256,1.411244996374788
-0.13829377619916605,-1.6203906600143656,-0.037549900951928006,-2.286875308043852,7.835989388400628
-1.0454536558278882,-3.7666365028992645,-1.1663488147584147,4.0874039779657,1.2489325516339256
-3.91921105328006,3.0002211556351206,3.0997169432677456,5.0992548291086255,-2.659536479728107
-2.3066895783252037,-3.889535763304629,-2.862055710362103,4.077226301355144,1.3955507794484943
-2.0290464669454806,-2.1553736444233325,-4.500967235444634,2.7907485378076693,1.3966493381312723
-0.8761502027696992,-0.4249253635755783,-0.4004553480308809,-1.473454711312952,5.787670470041917
-3.098018896834967,3.251222078389384,4.138878156605173,4.403046859229948,-3.6990380965448675
-2.609380152871829,2.070616257316474,4.43940659626066,4.422373701667283,-4.3023731057353904
0.49992360625203613,-1.5110399359600517,-1.7153705252181468,-0.8617627987432079,7.424233091190605
-1.6155494349225825,-2.933468842831057,-3.6227618996933657,3.6815897654923946,0.8749427807347372
-2.3146368710688927,-2.3664188869529315,-0.1919296985559905,-2.123333604560593,6.531093340013594
-0.43968140804621,-1.9108809351822194,-0.9965810380893784,-3.473831820147123,7.588118739685261
-1.8803810436842578,1.9061381801794393,4.926769519904942,3.6320294315446215,-4.098048593139934
-1.7251577742880126,-3.2363542087741686,-2.6736422911064293,3.802280918964362,1.9258072576449776
-0.9338053863900948,-3.8103954683922807,-0.802614842906648,3.5868128357918594,1.6532651634313265
3.457651183034857,-1.4494266642721976,3.741677949348277,5.05041411789392,0.7243738534321416
-3.6510736015765355,-1.52005821801867,-8.304636657981712,-0.2882496087200117,3.035488505827466
-0.4615631618367091,-4.003864618030152,-1.2496210009112025,-2.575028876991972,8.642577224718861
-3.0271847654122297,3.721733791859588,4.170424630941656,6.019806660452074,-3.594258031510349
2.7276777538927854,-0.12088780303796565,3.1434198451823523,7.016748363332115,1.1797423159130087
-3.01588996798608,2.737726876485722,3.6586538776784168,5.898271724820883,-3.776908816419627
-4.293225561044093,1.100996627351842,4.7748914926858355,2.573453950751059,-3.5954794018309557
1.3917255848779537,0.35087047638919266,1.6037016925198548,6.8096584130477735,-2.7436649279763152
-1.5968782727939883,1.0231857745903488,5.482902547025494,2.3052473586172777,-4.7802988594492275
2.1562166972400556,0.897124968668942,1.4332694495760574,4.537627307228314,-2.032253760910284
1.0733627689459078,1.0917727444457452,3.2847799333747103,5.767435982180633,-3.8093504363947974
2.749259618360065,-1.4688446594362259,2.397533342615896,6.178386234743893,1.1013784697676314
-0.7158505951347562,-4.556403586486052,-0.3234786511684886,4.028880034662968,0.6477753086812753
-0.57888964394634,-3.745996302153314,-1.6364301955175127,-2.3867039744870437,8.208392555646391
-0.6307999293819699,-3.7125432655031463,-1.460724785837028,-1.3021419518329993,8.86455218065412
-2.3692734835085925,2.6509059616222572,3.911656473292384,3.8766563412074677,-5.1316672464180195
-1.5790542421673173,-3.649738834567959,-1.5108165906673112,4.441706115410927,0.938450495316373
2.8915851021571815,-1.1279399243164554,3.350508423621495,6.48742503191961,0.6541436411786552
-2.5758620168559094,2.222384703610719,4.466382378978404,2.9897647749046428,-2.4280984200898126
-1.615003071213465,-2.698517118840844,-1.7502350357331686,-2.6943846015249964,7.341179862670156
1.2801279482924093,0.302633455376041,1.1968261811020784,4.847244667842279,-2.8029380946829168
-1.9875327607224205,-2.740019858312447,-3.3887180397384187,2.7806583133995697,1.4001080670030404
-3.3645725035279233,2.4404060684834175,3.9920261741767673,4.575575984936624,-2.650857227057117
4.9763431815314405,-3.7611094877309457,3.862656763279589,6.911787171446603,2.5867575368559645
2.0808980953711878,-0.6521720116926314,3.4678334293820963,6.976902614651187,-0.8005981003260191
-2.2334545540885085,2.0158034954820785,4.151468209483525,1.9521111795803872,-3.4593221310545474
-1.7870782539793157,-3.426186526537471,-3.5918712648740447,3.34576366744913,1.303082624661945
-2.7667763984199953,3.669716095077103,3.7405686333657173,4.811478192681458,-3.8575244014366596
1.2456645015220038,-1.0490094589509162,3.15405653471793,6.020749766055339,-3.022131586102637
-0.2020201523261994,-2.0719111991778423,-2.5073907483953244,-3.0488232074017065,7.920208221179326
1.8365390270064603,0.08734865190002938,2.471854768056808,5.791083615789722,-2.5672862236554694
2.3059834683618665,-0.21383748703072913,2.2589751603038004,6.360127020330466,-0.8811909118432695
-0.40288143373276,-3.205692010913748,-3.133321445024639,3.3164012807648007,0.5254759211734688
-1.0387101070380917,-0.33672715727554436,1.9120144109060138,-1.6231793274472321,5.484355702126838
-2.9771528726693988,3.129621624267322,4.053314517092751,4.444227581946943,-3.6038423651573037
-0.9694987000811535,-2.5525013588165844,-1.8917260303316006,2.897742721581052,1.7213257133509283
4.708919164428827,-2.460362271595001,2.4242983151533553,7.012213522354253,2.8032945984784363
-0.6301418614867048,-2.669617176213024,-2.093176273412176,4.1748626489522564,0.8877679700960499
-1.740553855359742,-0.5813933532359836,0.32567989912371353,-2.306681097297466,5.00873776190011
1.2071710966087335,-0.381566083469421,1.4255266494997423,5.146711400670617,-1.8754206764768058
-0.8734918001516772,-1.6198229758491536,-0.2356640512732121,-1.6602360024666643,6.569779721301979
-2.9499434911366436,3.0779566787860526,4.504987815456024,4.371337927993138,-2.985439358177437
3.3754811050058082,-2.199498209159236,4.469922306653444,6.950033923390166,1.4477222832758163
-2.98245537904209,2.655727892218581,4.463573542928192,3.356479597485902,-3.628061058350297
1.987265082039407,-0.73211998205104,2.550582999075789,6.95538262422344,-0.23194640564586666
-2.7047953359813275,2.685161338521686,3.0831626536248145,5.866792983781211,-4.205462292508073
3.1821051348082108,-1.89651685873119,2.0021681220081033,6.388812761779209,0.18515815560804572
-2.421832784365672,-2.045188322279782,-3.328265723699748,2.254182048908816,1.5804023796669047
-2.1440602013974708,2.481485399099897,4.09399620341475,3.680809020116936,-3.790240283030124
-0.5069838572464928,-4.519798405900812,1.1830035475743106,5.481562896395336,0.8257622341241323
-3.0363138944170176,1.5429761342706767,3.5234701093326692,1.672509065844947,-2.1881555313222556
-2.809010861366272,-2.1934438930025273,-4.413503613388805,2.2045196292819678,2.1228294818678926
0.8526366566412338,0.0582079544335935,3.7635400386859157,7.619504602799344,-0.3162880934563187
2.0934219213291954,-0.860396545281929,2.713067289703492,6.1910016655028395,-0.33157920636070937
2.092031366250502,-1.073829588611606,3.8031059988881095,7.84518309062715,-0.7613446123524608
1.8370119880361033,-0.8352592907844069,1.3873054864325782,5.467096272375244,-2.489656742628357
-1.4829382491162706,-2.8024635646211764,-2.1549358273575447,3.7397523628957328,2.49608621498946
4.354097758810524,-1.7693280399258091,4.532638751612687,9.545820285016301,2.357181519973669
-1.5377570951474233,2.4441948799302464,3.9662634090494584,2.9263846854869175,-3.2015845666617726
